Residue Index,pLDDT
1,0.526
2,0.508
3,0.532
4,0.53
5,0.502
6,0.502
7,0.496
8,0.478
9,0.464
10,0.454
11,0.473
12,0.453
13,0.452
14,0.458
15,0.444
16,0.446
17,0.426
18,0.449
19,0.458
20,0.447
21,0.436
22,0.427
23,0.412
24,0.408
25,0.372
26,0.408
27,0.424
28,0.422
29,0.408
30,0.388
31,0.36
32,0.385
33,0.405
34,0.377
35,0.41
36,0.423
37,0.423
38,0.446
39,0.498
40,0.562
41,0.613
42,0.67
43,0.761
44,0.82
45,0.815
46,0.786
47,0.819
48,0.782
49,0.768
50,0.692
51,0.664
52,0.635
53,0.604
54,0.645
55,0.712
56,0.67
57,0.698
58,0.658
59,0.705
60,0.671
61,0.684
62,0.61
63,0.606
64,0.664
65,0.784
66,0.838
67,0.846
68,0.866
69,0.869
70,0.854
71,0.844
72,0.802
73,0.76
74,0.766
75,0.773
76,0.766
77,0.804
78,0.793
79,0.823
80,0.827
81,0.823
82,0.839
83,0.848
84,0.828
85,0.823
86,0.794
87,0.769
88,0.78
89,0.825
90,0.818
91,0.825
92,0.812
93,0.796
94,0.758
95,0.794
96,0.836
97,0.856
98,0.871
99,0.868
100,0.864
101,0.832
102,0.763
103,0.78
104,0.784
105,0.764
106,0.826
107,0.826
108,0.77
109,0.69
